texto,etiqueta
Comentario positivo 1: me encanta este producto,positivo
Comentario positivo 2: me encanta este producto,positivo
Comentario positivo 3: me encanta este producto,positivo
Comentario positivo 4: me encanta este producto,positivo
Comentario positivo 5: me encanta este producto,positivo
Comentario positivo 6: me encanta este producto,positivo
Comentario positivo 7: me encanta este producto,positivo
Comentario positivo 8: me encanta este producto,positivo
Comentario positivo 9: me encanta este producto,positivo
Comentario positivo 10: me encanta este producto,positivo
Comentario positivo 11: me encanta este producto,positivo
Comentario positivo 12: me encanta este producto,positivo
Comentario positivo 13: me encanta este producto,positivo
Comentario positivo 14: me encanta este producto,positivo
Comentario positivo 15: me encanta este producto,positivo
Comentario positivo 16: me encanta este producto,positivo
Comentario positivo 17: me encanta este producto,positivo
Comentario positivo 18: me encanta este producto,positivo
Comentario positivo 19: me encanta este producto,positivo
Comentario positivo 20: me encanta este producto,positivo
Comentario positivo 21: me encanta este producto,positivo
Comentario positivo 22: me encanta este producto,positivo
Comentario positivo 23: me encanta este producto,positivo
Comentario positivo 24: me encanta este producto,positivo
Comentario positivo 25: me encanta este producto,positivo
Comentario positivo 26: me encanta este producto,positivo
Comentario positivo 27: me encanta este producto,positivo
Comentario positivo 28: me encanta este producto,positivo
Comentario positivo 29: me encanta este producto,positivo
Comentario positivo 30: me encanta este producto,positivo
Comentario negativo 1: es una pésima experiencia,negativo
Comentario negativo 2: es una pésima experiencia,negativo
Comentario negativo 3: es una pésima experiencia,negativo
Comentario negativo 4: es una pésima experiencia,negativo
Comentario negativo 5: es una pésima experiencia,negativo
Comentario negativo 6: es una pésima experiencia,negativo
Comentario negativo 7: es una pésima experiencia,negativo
Comentario negativo 8: es una pésima experiencia,negativo
Comentario negativo 9: es una pésima experiencia,negativo
Comentario negativo 10: es una pésima experiencia,negativo
Comentario negativo 11: es una pésima experiencia,negativo
Comentario negativo 12: es una pésima experiencia,negativo
Comentario negativo 13: es una pésima experiencia,negativo
Comentario negativo 14: es una pésima experiencia,negativo
Comentario negativo 15: es una pésima experiencia,negativo
Comentario negativo 16: es una pésima experiencia,negativo
Comentario negativo 17: es una pésima experiencia,negativo
Comentario negativo 18: es una pésima experiencia,negativo
Comentario negativo 19: es una pésima experiencia,negativo
Comentario negativo 20: es una pésima experiencia,negativo
Comentario negativo 21: es una pésima experiencia,negativo
Comentario negativo 22: es una pésima experiencia,negativo
Comentario negativo 23: es una pésima experiencia,negativo
Comentario negativo 24: es una pésima experiencia,negativo
Comentario negativo 25: es una pésima experiencia,negativo
Comentario negativo 26: es una pésima experiencia,negativo
Comentario negativo 27: es una pésima experiencia,negativo
Comentario negativo 28: es una pésima experiencia,negativo
Comentario negativo 29: es una pésima experiencia,negativo
Comentario negativo 30: es una pésima experiencia,negativo
